insert into member (id, email, name, age, gender, created_at) values
(UNHEX(REPLACE("3f06af63-a93c-11e4-9797-00505690773f", "-","")), 'example1@gmail.com', '홍길동1', 17, 'MALE', '2023-05-16 15:48:57.450179');
insert into member (id, email, name, age, gender, created_at) values
(UNHEX(REPLACE("8fbcec61-e527-12ee-bd3d-0242ac120002", "-","")), 'example2@gmail.com', '홍길동2', 17, 'MALE', '2023-05-26 15:48:57.450179');
insert into member (id, email, name, age, gender, created_at) values
(UNHEX(REPLACE("8fbcec62-e527-12ee-bd3d-0242ac120002", "-","")), 'example3@gmail.com', '홍길동3', 17, 'MALE', '2023-05-26 15:48:57.450179');
insert into member (id, email, name, age, gender, created_at) values
(UNHEX(REPLACE("8fbcec63-e527-12ee-bd3d-0242ac120002", "-","")), 'example4@gmail.com', '홍길동4', 17, 'MALE', '2023-05-26 15:48:57.450179');
insert into member (id, email, name, age, gender, created_at) values
(UNHEX(REPLACE("8fbcec64-e527-12ee-bd3d-0242ac120002", "-","")), 'example5@gmail.com', '홍길동5', 17, 'MALE', '2023-05-26 15:48:57.450179');
insert into member (id, email, name, age, gender, created_at) values
(UNHEX(REPLACE("8fbcec65-e527-12ee-bd3d-0242ac120002", "-","")), 'example6@gmail.com', '홍길동6', 17, 'MALE', '2023-05-26 15:48:57.450179');
insert into member (id, email, name, age, gender, created_at) values
    (UNHEX(REPLACE("8fbcec66-e527-12ee-bd3d-0242ac120002", "-","")), 'example7@gmail.com', '홍길동7', 17, 'MALE', '2023-05-26 15:48:57.450179');
insert into member (id, email, name, age, gender, created_at) values
    (UNHEX(REPLACE("8fbcec67-e527-12ee-bd3d-0242ac120002", "-","")), 'example8@gmail.com', '홍길동8', 17, 'MALE', '2023-05-26 15:48:57.450179');
insert into member (id, email, name, age, gender, created_at) values
    (UNHEX(REPLACE("8fbcec68-e527-12ee-bd3d-0242ac120002", "-","")), 'example9@gmail.com', '홍길동9', 17, 'MALE', '2023-05-26 15:48:57.450179');
insert into member (id, email, name, age, gender, created_at) values
    (UNHEX(REPLACE("8fbcec69-e527-12ee-bd3d-0242ac120002", "-","")), 'example10@gmail.com', '홍길동10', 17, 'MALE', '2023-05-26 15:48:57.450179');
insert into member (id, email, name, age, gender, created_at) values
    (UNHEX(REPLACE("8fbcec70-e527-12ee-bd3d-0242ac120002", "-","")), 'example11@gmail.com', '홍길동11', 17, 'MALE', '2023-05-26 15:48:57.450179');
insert into member (id, email, name, age, gender, created_at) values
    (UNHEX(REPLACE("8fbcec71-e527-12ee-bd3d-0242ac120002", "-","")), 'example12@gmail.com', '홍길동12', 17, 'MALE', '2023-05-26 15:48:57.450179');
insert into member (id, email, name, age, gender, created_at) values
    (UNHEX(REPLACE("8fbcec72-e527-12ee-bd3d-0242ac120002", "-","")), 'example13@gmail.com', '홍길동13', 17, 'MALE', '2023-05-26 15:48:57.450179');
insert into member (id, email, name, age, gender, created_at) values
    (UNHEX(REPLACE("8fbcec73-e527-12ee-bd3d-0242ac120002", "-","")), 'example14@gmail.com', '홍길동14', 17, 'MALE', '2023-05-26 15:48:57.450179');
insert into member (id, email, name, age, gender, created_at) values
    (UNHEX(REPLACE("8fbcec74-e527-12ee-bd3d-0242ac120002", "-","")), 'example15@gmail.com', '홍길동15', 17, 'MALE', '2023-05-26 15:48:57.450179');
insert into member (id, email, name, age, gender, created_at) values
    (UNHEX(REPLACE("8fbcec75-e527-12ee-bd3d-0242ac120002", "-","")), 'example16@gmail.com', '홍길동16', 17, 'MALE', '2023-05-26 15:48:57.450179');
insert into member (id, email, name, age, gender, created_at) values
    (UNHEX(REPLACE("8fbcec76-e527-12ee-bd3d-0242ac120002", "-","")), 'example17@gmail.com', '홍길동17', 17, 'MALE', '2023-05-26 15:48:57.450179');
insert into member (id, email, name, age, gender, created_at) values
    (UNHEX(REPLACE("8fbcec77-e527-12ee-bd3d-0242ac120002", "-","")), 'example18@gmail.com', '홍길동18', 17, 'MALE', '2023-05-26 15:48:57.450179');
insert into member (id, email, name, age, gender, created_at) values
    (UNHEX(REPLACE("8fbcec78-e527-12ee-bd3d-0242ac120002", "-","")), 'example19@gmail.com', '홍길동19', 17, 'MALE', '2023-05-26 15:48:57.450179');
insert into member (id, email, name, age, gender, created_at) values
    (UNHEX(REPLACE("8fbcec79-e527-12ee-bd3d-0242ac120002", "-","")), 'example20@gmail.com', '홍길동20', 17, 'MALE', '2023-05-26 15:48:57.450179');


insert into book (id, title, category_1d, category_2d, category_3d, author, publisher, publish_date) values
(1, '제목1', '카테고리1', '카테고리2', '카테고리3', '저자1', '출판사1', '2022-04-10');
insert into book (id, title, category_1d, category_2d, category_3d, author, publisher, publish_date) values
(2, '제목2', '카테고리1', '카테고리2', '카테고리3', '저자2', '출판사2', '2022-04-10');
insert into book (id, title, category_1d, category_2d, category_3d, author, publisher, publish_date) values
(3, '제목3', '카테고리1', '카테고리2', '카테고리3', '저자3', '출판사3', '2022-04-10');
insert into book (id, title, category_1d, category_2d, category_3d, author, publisher, publish_date) values
(4, '제목4', '카테고리1', '카테고리2', '카테고리3', '저자4', '출판사4', '2022-04-10');
insert into book (id, title, category_1d, category_2d, category_3d, author, publisher, publish_date) values
(5, '제목5', '카테고리1', '카테고리2', '카테고리3', '저자5', '출판사5', '2022-04-10');


insert into club (id, manager_id, topic, name, created_at, maximum, public_status, password, book_id) values
(1, UNHEX(REPLACE("3f06af63-a93c-11e4-9797-00505690773f", "-","")), '역사', '길동1의 모임', '2023-05-26 15:48:57.450179', 10, 'PUBLIC', null, null);
insert into club (id, manager_id, topic, name, created_at, maximum, public_status, password, book_id) values
(2, UNHEX(REPLACE("8fbcec61-e527-12ee-bd3d-0242ac120002", "-","")), '경제', '길동2의 모임', '2023-05-26 15:48:57.450179', 10, 'PUBLIC', null, null);
insert into club (id, manager_id, topic, name, created_at, maximum, public_status, password, book_id) values
(3, UNHEX(REPLACE("8fbcec62-e527-12ee-bd3d-0242ac120002", "-","")), '종교', '길동3의 모임', '2023-05-26 15:48:57.450179', 10, 'PUBLIC', null, null);
insert into club (id, manager_id, topic, name, created_at, maximum, public_status, password, book_id) values
(4, UNHEX(REPLACE("8fbcec63-e527-12ee-bd3d-0242ac120002", "-","")), '사회', '길동4의 모임', '2023-05-26 15:48:57.450179', 10, 'PUBLIC', null, null);

insert into club (id, manager_id, topic, name, created_at, maximum, public_status, password, book_id) values
(5, UNHEX(REPLACE("3f06af63-a93c-11e4-9797-00505690773f", "-","")), '역사', '길동1의 모임', '2023-05-26 15:48:57.450179', 10, 'PUBLIC', null, null);
insert into club (id, manager_id, topic, name, created_at, maximum, public_status, password, book_id) values
(6, UNHEX(REPLACE("8fbcec61-e527-12ee-bd3d-0242ac120002", "-","")), '경제', '길동2의 모임', '2023-05-26 15:48:57.450179', 10, 'PUBLIC', null, null);
insert into club (id, manager_id, topic, name, created_at, maximum, public_status, password, book_id) values
(7, UNHEX(REPLACE("8fbcec62-e527-12ee-bd3d-0242ac120002", "-","")), '종교', '길동3의 모임', '2023-05-26 15:48:57.450179', 10, 'PUBLIC', null, null);
insert into club (id, manager_id, topic, name, created_at, maximum, public_status, password, book_id) values
(8, UNHEX(REPLACE("8fbcec63-e527-12ee-bd3d-0242ac120002", "-","")), '사회', '길동4의 모임', '2023-05-26 15:48:57.450179', 10, 'PUBLIC', null, null);

insert into member_club (id, member_id, club_id) values
(1, UNHEX(REPLACE("3f06af63-a93c-11e4-9797-00505690773f", "-","")), 1);
insert into member_club (id, member_id, club_id) values
    (2, UNHEX(REPLACE("8fbcec61-e527-12ee-bd3d-0242ac120002", "-","")), 2);
insert into member_club (id, member_id, club_id) values
    (3, UNHEX(REPLACE("8fbcec62-e527-12ee-bd3d-0242ac120002", "-","")), 3);
insert into member_club (id, member_id, club_id) values
    (4, UNHEX(REPLACE("8fbcec63-e527-12ee-bd3d-0242ac120002", "-","")), 4);

insert into member_club (id, member_id, club_id) values
    (5, UNHEX(REPLACE("3f06af63-a93c-11e4-9797-00505690773f", "-","")), 5);
insert into member_club (id, member_id, club_id) values
    (6, UNHEX(REPLACE("8fbcec61-e527-12ee-bd3d-0242ac120002", "-","")), 6);
insert into member_club (id, member_id, club_id) values
    (7, UNHEX(REPLACE("8fbcec62-e527-12ee-bd3d-0242ac120002", "-","")), 7);
insert into member_club (id, member_id, club_id) values
    (8, UNHEX(REPLACE("8fbcec63-e527-12ee-bd3d-0242ac120002", "-","")), 8);


insert into member_club (id, member_id, club_id) values
    (9, UNHEX(REPLACE("8fbcec64-e527-12ee-bd3d-0242ac120002", "-","")), 1);
insert into member_club (id, member_id, club_id) values
    (10, UNHEX(REPLACE("8fbcec65-e527-12ee-bd3d-0242ac120002", "-","")), 1);
insert into member_club (id, member_id, club_id) values
    (11, UNHEX(REPLACE("8fbcec66-e527-12ee-bd3d-0242ac120002", "-","")), 1);
insert into member_club (id, member_id, club_id) values
    (12, UNHEX(REPLACE("8fbcec67-e527-12ee-bd3d-0242ac120002", "-","")), 1);

insert into member_club (id, member_id, club_id) values
    (13, UNHEX(REPLACE("8fbcec68-e527-12ee-bd3d-0242ac120002", "-","")), 2);
insert into member_club (id, member_id, club_id) values
    (14, UNHEX(REPLACE("8fbcec69-e527-12ee-bd3d-0242ac120002", "-","")), 2);
insert into member_club (id, member_id, club_id) values
    (15, UNHEX(REPLACE("8fbcec70-e527-12ee-bd3d-0242ac120002", "-","")), 2);
insert into member_club (id, member_id, club_id) values
    (16, UNHEX(REPLACE("8fbcec71-e527-12ee-bd3d-0242ac120002", "-","")), 2);

insert into member_club (id, member_id, club_id) values
    (17, UNHEX(REPLACE("8fbcec72-e527-12ee-bd3d-0242ac120002", "-","")), 3);
insert into member_club (id, member_id, club_id) values
    (18, UNHEX(REPLACE("8fbcec73-e527-12ee-bd3d-0242ac120002", "-","")), 3);
insert into member_club (id, member_id, club_id) values
    (19, UNHEX(REPLACE("8fbcec74-e527-12ee-bd3d-0242ac120002", "-","")), 3);
insert into member_club (id, member_id, club_id) values
    (20, UNHEX(REPLACE("8fbcec75-e527-12ee-bd3d-0242ac120002", "-","")), 3);


insert into member_club (id, member_id, club_id) values
    (21, UNHEX(REPLACE("8fbcec76-e527-12ee-bd3d-0242ac120002", "-","")), 4);
insert into member_club (id, member_id, club_id) values
    (22, UNHEX(REPLACE("8fbcec77-e527-12ee-bd3d-0242ac120002", "-","")), 4);
insert into member_club (id, member_id, club_id) values
    (23, UNHEX(REPLACE("8fbcec78-e527-12ee-bd3d-0242ac120002", "-","")), 4);
insert into member_club (id, member_id, club_id) values
    (24, UNHEX(REPLACE("8fbcec79-e527-12ee-bd3d-0242ac120002", "-","")), 4);


insert into post (id, club_id, member_id, title, body, created_at, is_sticky) values
(1, 1, UNHEX(REPLACE("3f06af63-a93c-11e4-9797-00505690773f", "-","")), '게시글 제목 1', '게시글 내용 1', '2023-05-26 15:48:57.450179', true);

insert into comment (id, post_id, member_id, body, created_at) values
(1, 1, UNHEX(REPLACE("3f06af63-a93c-11e4-9797-00505690773f", "-","")), "댓글 1", "2023-05-26 15:48:57.450179");
insert into comment (id, post_id, member_id, body, created_at) values
    (2, 1, UNHEX(REPLACE("3f06af63-a93c-11e4-9797-00505690773f", "-","")), "댓글 2", "2023-05-26 15:48:57.450179");
insert into comment (id, post_id, member_id, body, created_at) values
    (3, 1, UNHEX(REPLACE("3f06af63-a93c-11e4-9797-00505690773f", "-","")), "댓글 3", "2023-05-26 15:48:57.450179");
